-- phpMyAdmin SQL Dump
-- version 5.2.1
-- https://www.phpmyadmin.net/
--
-- Servidor: 127.0.0.1
-- Tiempo de generación: 26-09-2023 a las 23:27:30
-- Versión del servidor: 10.4.28-MariaDB
-- Versión de PHP: 8.2.4

SET SQL_MODE = "NO_AUTO_VALUE_ON_ZERO";
START TRANSACTION;
SET time_zone = "+00:00";


/*!40101 SET @OLD_CHARACTER_SET_CLIENT=@@CHARACTER_SET_CLIENT */;
/*!40101 SET @OLD_CHARACTER_SET_RESULTS=@@CHARACTER_SET_RESULTS */;
/*!40101 SET @OLD_COLLATION_CONNECTION=@@COLLATION_CONNECTION */;
/*!40101 SET NAMES utf8mb4 */;

--
-- Base de datos: `construirsa`
--

-- --------------------------------------------------------

--
-- Estructura de tabla para la tabla `empleado`
--

CREATE TABLE `empleado` (
  `idEmpleado` int(11) NOT NULL,
  `dni` bigint(20) NOT NULL,
  `apellido` varchar(58) NOT NULL,
  `nombre` varchar(58) NOT NULL,
  `acceso` int(11) NOT NULL,
  `estado` tinyint(4) NOT NULL
) ENGINE=InnoDB DEFAULT CHARSET=utf8mb4 COLLATE=utf8mb4_general_ci;

--
-- Volcado de datos para la tabla `empleado`
--

INSERT INTO `empleado` (`idEmpleado`, `dni`, `apellido`, `nombre`, `acceso`, `estado`) VALUES
(1, 33333333, 'gomez', 'manuel', 1, 0),
(2, 33222222, 'perez', 'jose', 13, 1),
(3, 22333222, 'gonzalez', 'juana', 1, 1);

-- --------------------------------------------------------

--
-- Estructura de tabla para la tabla `herramienta`
--

CREATE TABLE `herramienta` (
  `idHerramienta` int(11) NOT NULL,
  `nombre` varchar(60) NOT NULL,
  `descripcion` varchar(100) NOT NULL,
  `stock` int(11) NOT NULL,
  `estado` tinyint(4) NOT NULL
) ENGINE=InnoDB DEFAULT CHARSET=utf8mb4 COLLATE=utf8mb4_general_ci;

--
-- Volcado de datos para la tabla `herramienta`
--

INSERT INTO `herramienta` (`idHerramienta`, `nombre`, `descripcion`, `stock`, `estado`) VALUES
(1, 'destornillador', 'del 8', 20, 1),
(2, 'destornillador', 'del 6', 22, 0),
(3, 'martillo', 'steel', 10, 1),
(4, 'pinza', 'steel', 15, 1),
(5, 'taladro', 'inalambrico', 5, 1);

-- --------------------------------------------------------

--
-- Estructura de tabla para la tabla `movimiento`
--

CREATE TABLE `movimiento` (
  `idMovimiento` int(11) NOT NULL,
  `idEmpleado` int(11) NOT NULL,
  `idHerramienta` int(11) NOT NULL,
  `fechaP` date NOT NULL,
  `fechaD` date NOT NULL,
  `cantidadRet` int(11) NOT NULL
) ENGINE=InnoDB DEFAULT CHARSET=utf8mb4 COLLATE=utf8mb4_general_ci;

--
-- Volcado de datos para la tabla `movimiento`
--

INSERT INTO `movimiento` (`idMovimiento`, `idEmpleado`, `idHerramienta`, `fechaP`, `fechaD`, `cantidadRet`) VALUES
(2, 1, 4, '2021-06-10', '2021-08-15', 3),
(3, 2, 1, '2023-09-01', '2023-09-26', 4),
(4, 2, 5, '2023-01-12', '2023-02-02', 2),
(5, 3, 3, '2022-10-15', '2022-11-20', 5),
(6, 3, 5, '2023-01-12', '2023-02-02', 5);

--
-- Índices para tablas volcadas
--

--
-- Indices de la tabla `empleado`
--
ALTER TABLE `empleado`
  ADD PRIMARY KEY (`idEmpleado`,`dni`);

--
-- Indices de la tabla `herramienta`
--
ALTER TABLE `herramienta`
  ADD PRIMARY KEY (`idHerramienta`);

--
-- Indices de la tabla `movimiento`
--
ALTER TABLE `movimiento`
  ADD PRIMARY KEY (`idMovimiento`),
  ADD KEY `idEmpleado` (`idEmpleado`),
  ADD KEY `idHerramienta` (`idHerramienta`);

--
-- AUTO_INCREMENT de las tablas volcadas
--

--
-- AUTO_INCREMENT de la tabla `empleado`
--
ALTER TABLE `empleado`
  MODIFY `idEmpleado` int(11) NOT NULL AUTO_INCREMENT, AUTO_INCREMENT=4;

--
-- AUTO_INCREMENT de la tabla `herramienta`
--
ALTER TABLE `herramienta`
  MODIFY `idHerramienta` int(11) NOT NULL AUTO_INCREMENT, AUTO_INCREMENT=6;

--
-- AUTO_INCREMENT de la tabla `movimiento`
--
ALTER TABLE `movimiento`
  MODIFY `idMovimiento` int(11) NOT NULL AUTO_INCREMENT, AUTO_INCREMENT=7;

--
-- Restricciones para tablas volcadas
--

--
-- Filtros para la tabla `movimiento`
--
ALTER TABLE `movimiento`
  ADD CONSTRAINT `movimiento_ibfk_1` FOREIGN KEY (`idEmpleado`) REFERENCES `empleado` (`idEmpleado`),
  ADD CONSTRAINT `movimiento_ibfk_2` FOREIGN KEY (`idHerramienta`) REFERENCES `herramienta` (`idHerramienta`);
COMMIT;

/*!40101 SET CHARACTER_SET_CLIENT=@OLD_CHARACTER_SET_CLIENT */;
/*!40101 SET CHARACTER_SET_RESULTS=@OLD_CHARACTER_SET_RESULTS */;
/*!40101 SET COLLATION_CONNECTION=@OLD_COLLATION_CONNECTION */;
